{"title":"Pesawaran","name":"Pesawaran","logo":"assets\/img\/logos\/logo.png","icon":"assets\/img\/logos\/icon.png","contact":{"nama":"Renni Oktavianrty (Arsiparis)","noHp":"0822-7919-1168","email":"jdih@pesawarankab.go.id","alamat":"Komplek Perkantoran Pemerintah Kabupaten Pesawaran\r\nJl. Raya Kedondong, Way Layap Kec. Gedong Tataan Kabupaten Pesawaran\r\nKode Pos 35371","map":"https:\/\/www.google.com\/maps\/embed?pb=!1m14!1m8!1m3!1d15888.506954747289!2d105.0706941!3d-5.3976536!3m2!1i1024!2i768!4f13.1!3m3!1m2!1s0x2e40d25fa28dc0cf%3A0xcd0378ad73f1cb22!2sKantor%20Bupati%20Pesawaran!5e0!3m2!1sid!2sid!4v1678519047617!5m2!1sid!2sid","mediaSosial":{"ig":"https:\/\/www.instagram.com\/bagian_hukum_pesawaran\/","tw":"asd","fb":"https:\/\/www.facebook.com\/profile.php?id=100080233301689","yt":"asd"}},"document":"wadah pendayagunaan bersama atas dokumen hukum secara tertib, terpadu, dan berkesinambungan, serta merupakan sarana pemberian pelayanan informasi hukum secara lengkap, akurat, mudah, dan tepat.","structure":"aaasassssasasagg","visi":{"title":"We Are Agency Of Digital It Support","description":"\u003Cdiv style=\"text-align: justify;\"\u003E\u003Cspan style=\"font-size: 1rem;\"\u003ELorem ipsum dolor sit amet, consectetur adipisicing elit, sed do eiusmod tempor incididunt ut labore et dolore magna aliqua. Ut um doloremque laudantium, totam rem aperiam, eaque ipsa quae ab illo inventore veritatis et quasi architecto beatae vitae dicta sunt explicabo. Nemo enim ipsam voluptatem quia voluptas sit asperni elit, sed quia non numquam eius modi tempora incidunt ut labore et dolore magnam.\u003C\/span\u003E\u003C\/div\u003E","image":"b92ba0aa05e674c7e6ac9567784de9c0-640a44e9892c6.png"},"misi":{"title":"We Are Agency Of Digital It Support","description":"\u003Col\u003E\u003Cli\u003E&nbsp;asdsadasdasdsa asd sad sad ad sad a sd sad sad asd as d\u003C\/li\u003E\u003Cli\u003Easdsads asd sad sad asdasd a asd asd\u003C\/li\u003E\u003Cli\u003E&nbsp;asdasdasd dsadasdsa dsad asd asd&nbsp;\u003C\/li\u003E\u003C\/ol\u003E","image":"067857d17f7f9eeb50ce1b1a30eaebd1-640a44e98bd83.png"},"beranda":{"title":"Sistem Informasi Bagian Hukum","description":"Lorem ipsum dolor sit amet consectetur, adipisicing elit. Quisquam totam ipsam, fuga repellat quae architecto explicabo doloribus omnis eveniet, vero ratione fugiat ducimus, maxime neque non ex quia vitae quo? asassa","image":"b82e966e8ff1e5120cfc838cf805b41a-640f7709d6a94.png","imageService":"067857d17f7f9eeb50ce1b1a30eaebd1-640a44e98bd83.png"}}